{
  "version": 1,
  "author": "Luis Fernando Oliveira",
  "editor": "wokwi",
  "parts": [
    { "type": "board-st-nucleo-l031k6", "id": "nucleo", "top": 0, "left": 0, "attrs": {} },
    {
      "type": "wokwi-led",
      "id": "led1",
      "top": 15.6,
      "left": -159.4,
      "attrs": { "color": "red" }
    },
    {
      "type": "wokwi-led",
      "id": "led2",
      "top": 82.8,
      "left": -159.4,
      "attrs": { "color": "green" }
    },
    {
      "type": "wokwi-led",
      "id": "led3",
      "top": 178.8,
      "left": -159.4,
      "attrs": { "color": "yellow" }
    },
    {
      "type": "wokwi-resistor",
      "id": "r1",
      "top": 119.15,
      "left": -86.4,
      "attrs": { "value": "1000" }
    },
    {
      "type": "wokwi-resistor",
      "id": "r2",
      "top": 147.95,
      "left": -86.4,
      "attrs": { "value": "1000" }
    },
    {
      "type": "wokwi-resistor",
      "id": "r3",
      "top": 176.75,
      "left": -86.4,
      "attrs": { "value": "1000" }
    },
    { "type": "wokwi-potentiometer", "id": "pot1", "top": -49.3, "left": 172.6, "attrs": {} }
  ],
  "connections": [
    [ "$serialMonitor:TX", "nucleo:VCP_RX", "", [] ],
    [ "$serialMonitor:RX", "nucleo:VCP_TX", "", [] ],
    [ "nucleo:D10", "r1:2", "green", [ "h-15.65", "v-27.59" ] ],
    [ "nucleo:D11", "r2:2", "green", [ "h-25.25", "v-8.39" ] ],
    [ "nucleo:D12", "r3:2", "green", [ "h-15.65", "v10.81" ] ],
    [ "r1:1", "led1:A", "green", [ "v-67.2", "h-9.6" ] ],
    [ "r2:1", "led2:A", "green", [ "v0", "h-28.8", "v-28.8" ] ],
    [ "r3:1", "led3:A", "green", [ "v0", "h-28.8", "v38.4" ] ],
    [ "led1:C", "nucleo:GND.2", "green", [ "v0", "h-47.6", "v-86.4", "h307.2", "v76.8" ] ],
    [ "led2:C", "nucleo:GND.2", "green", [ "v0", "h-28.4", "v-144", "h278.4", "v67.2" ] ],
    [ "led3:C", "nucleo:GND.2", "green", [ "v0", "h-9.2", "v-230.4", "h249.6", "v57.6" ] ],
    [ "pot1:VCC", "nucleo:3V3", "red", [ "v0" ] ],
    [
      "nucleo:GND.1",
      "pot1:GND",
      "black",
      [ "h-34.85", "v-142.79", "h172.8", "v163.2", "h57.6" ]
    ],
    [ "nucleo:A1", "pot1:SIG", "green", [ "h0" ] ]
  ],
  "dependencies": {}
}